{
  "Araria": {
    "Narpatganj": [
      {
        "assembly_no": 46.0,
        "candidate_name": "Janardan Yadav",
        "contact": "62071 02876"
      }
    ],
    "Forbesganj": [
      {
        "assembly_no": 48.0,
        "candidate_name": "Haji Ekramul Haque",
        "contact": "74886 90676 / 94312 28066"
      }
    ],
    "Araria": [
      {
        "assembly_no": 49.0,
        "candidate_name": "Dr Farhat Ara",
        "contact": "93862 30582"
      }
    ],
    "Sikti": [
      {
        "assembly_no": 51.0,
        "candidate_name": "Raghib Bablu",
        "contact": "7282 010 501"
      }
    ],
    "Jokihat": [
      {
        "assembly_no": 50.0,
        "candidate_name": "Sarfaraz Alam (Ex MP)",
        "contact": "94316 53786"
      }
    ],
    "Raniganj (SC)": [
      {
        "assembly_no": 47.0,
        "candidate_name": "Krityanand Ram",
        "contact": "91994 40725"
      }
    ]
  },
  "Arwal": {
    "Arwal": [
      {
        "assembly_no": 214.0,
        "candidate_name": "Kunti Devi",
        "contact": 8809489727
      }
    ],
    "Kurtha": [
      {
        "assembly_no": 215.0,
        "candidate_name": "Rambali Chandravanshi",
        "contact": 9431420981
      }
    ]
  },
  "Aurangabad": {
    "Obra": [
      {
        "assembly_no": 220.0,
        "candidate_name": "Sudhir Sharma",
        "contact": "94318 30675"
      }
    ],
    "Aurangabad": [
      {
        "assembly_no": 223.0,
        "candidate_name": "Nand Kishor Yadav",
        "contact": "90063 42107"
      }
    ],
    "Kutumba (SC)": [
      {
        "assembly_no": 222.0,
        "candidate_name": "Shyam Bali Ram (Mahabali Paswan)",
        "contact": "6287 631 605"
      }
    ],
    "Goh": [
      {
        "assembly_no": 219.0,
        "candidate_name": "Sita Ram Dukhari",
        "contact": 9973914680
      }
    ],
    "Nabinagar": [
      {
        "assembly_no": 221.0,
        "candidate_name": "Archana Chandra",
        "contact": 7488591788
      }
    ],
    "Rafiganj": [
      {
        "assembly_no": 224.0,
        "candidate_name": "Vikash Kumar Alias Bablu Singh",
        "contact": 7979088318
      }
    ]
  },
  "Banka": {
    "Katoria (ST)": [
      {
        "assembly_no": 162.0,
        "candidate_name": "Salomi Murmu",
        "contact": 8292483819
      }
    ],
    "Dhauraiya (SC)": [
      {
        "assembly_no": 160.0,
        "candidate_name": "Suman Paswan",
        "contact": 9931263739
      }
    ],
    "Belhar": [
      {
        "assembly_no": 163.0,
        "candidate_name": "Braj Kishor Pandit",
        "contact": 9065893490
      }
    ],
    "Banka": [
      {
        "assembly_no": 161.0,
        "candidate_name": "Kaushal Singh",
        "contact": "92045 55538"
      }
    ],
    "Amarpur": [
      {
        "assembly_no": 159.0,
        "candidate_name": "Sujata Vaidya",
        "contact": 7979899069
      }
    ]
  },
  "Begusarai": {
    "Cheria Bariarpur": [
      {
        "assembly_no": 141.0,
        "candidate_name": "Dr Mrityunjay",
        "contact": 9006147912
      }
    ],
    "Bakhri (SC)": [
      {
        "assembly_no": 147.0,
        "candidate_name": "Dr. Sanjay Kumar",
        "contact": 7766018644
      }
    ],
    "Bachhwara": [
      {
        "assembly_no": 142.0,
        "candidate_name": "Ramod Kuwar",
        "contact": "99343 41379"
      }
    ],
    "Sahebpur Kamal": [
      {
        "assembly_no": 145.0,
        "candidate_name": "Md. Abdullah",
        "contact": 8709525028
      }
    ],
    "Matihani": [
      {
        "assembly_no": 144.0,
        "candidate_name": "Dr Arun Kumar",
        "contact": "99181 66007‬"
      }
    ],
    "Begusarai": [
      {
        "assembly_no": 146.0,
        "candidate_name": "Surendra Kumar Sahani",
        "contact": 9798524976
      }
    ],
    "Teghra": [
      {
        "assembly_no": 143.0,
        "candidate_name": "Ram Nandan Singh",
        "contact": 7546997711
      }
    ]
  },
  "Bhagalpur": {
    "Bhagalpur": [
      {
        "assembly_no": 156.0,
        "candidate_name": "Adv. Abhay Kant Jha",
        "contact": 9431422420
      }
    ],
    "Kahalgaon": [
      {
        "assembly_no": 155.0,
        "candidate_name": "Manjar Alam",
        "contact": 9934773232
      }
    ],
    "Bihpur": [
      {
        "assembly_no": 152.0,
        "candidate_name": "Pawan Chaudhary",
        "contact": 9431210642
      }
    ],
    "Pirpainti (SC)": [
      {
        "assembly_no": 154.0,
        "candidate_name": "Ghanshyam Das",
        "contact": 9631833565
      }
    ],
    "Sultanganj": [
      {
        "assembly_no": 157.0,
        "candidate_name": "Er Rakesh Kumar",
        "contact": 9973755479
      }
    ],
    "Gopalpur": [
      {
        "assembly_no": 153.0,
        "candidate_name": "Mankeshwar Kushwaha",
        "contact": 6202376668
      }
    ],
    "Nathnagar": [
      {
        "assembly_no": 158.0,
        "candidate_name": "Ajay Rai",
        "contact": 7549711233
      }
    ]
  },
  "Bhojpur": {
    "Sandesh": [
      {
        "assembly_no": 192.0,
        "candidate_name": "Rajiv Ranjan Raj",
        "contact": "94071 55355"
      }
    ],
    "Shahpur": [
      {
        "assembly_no": 198.0,
        "candidate_name": "Padma Ojha",
        "contact": 9342631564
      }
    ],
    "Jagdishpur": [
      {
        "assembly_no": 197.0,
        "candidate_name": "Vijay Singh Alias Antu Singh",
        "contact": 9576944260
      }
    ],
    "Tarari": [
      {
        "assembly_no": 196.0,
        "candidate_name": "Chandrashekhar Singh",
        "contact": "731 981 1699"
      }
    ],
    "Arrah": [
      {
        "assembly_no": 194.0,
        "candidate_name": "Dr.Vijay Kumar Gupta",
        "contact": 9312430846
      }
    ],
    "Agiaon (SC)": [
      {
        "assembly_no": 195.0,
        "candidate_name": "Ramesh Kumar",
        "contact": 8789516571
      }
    ],
    "Barhara": [
      {
        "assembly_no": 193.0,
        "candidate_name": "Sourabh Singh Yadav",
        "contact": "93046 28163"
      }
    ]
  },
  "Buxar": {
    "Buxar": [
      {
        "assembly_no": 200.0,
        "candidate_name": "Tathagat Harsh Vardhan",
        "contact": 9899877584
      }
    ],
    "Dumraon": [
      {
        "assembly_no": 201.0,
        "candidate_name": "Shivang Vijay Singh",
        "contact": 7903660424
      }
    ],
    "Rajpur (SC)": [
      {
        "assembly_no": 202.0,
        "candidate_name": "Dhananjay Kumar",
        "contact": 9334451988
      }
    ],
    "Brahampur": [
      {
        "assembly_no": 199.0,
        "candidate_name": "Satya Prakash Tiwari",
        "contact": "94308 57220"
      }
    ]
  },
  "Darbhanga": {
    "Kusheshwar Asthan (SC)": [
      {
        "assembly_no": 78.0,
        "candidate_name": "Shatrudhan Paswan",
        "contact": 9006547727
      }
    ],
    "Gaura Bauram": [
      {
        "assembly_no": 79.0,
        "candidate_name": "Dr. Iftkar Alam",
        "contact": 8340339009
      }
    ],
    "Benipur": [
      {
        "assembly_no": 80.0,
        "candidate_name": "Amresh Kumar Amar",
        "contact": 9973741332
      }
    ],
    "Darbhanga Rural": [
      {
        "assembly_no": 82.0,
        "candidate_name": "Shoaib Khan",
        "contact": 8002970477
      }
    ],
    "Darbhanga": [
      {
        "assembly_no": 83.0,
        "candidate_name": "R.K Mishra",
        "contact": 9810155077
      }
    ],
    "Bahadurpur": [
      {
        "assembly_no": 85.0,
        "candidate_name": "Aamir Haider",
        "contact": 7715828589
      }
    ],
    "Keoti": [
      {
        "assembly_no": 86.0,
        "candidate_name": "Biltu Sahani",
        "contact": 8210617373
      }
    ],
    "Jale": [
      {
        "assembly_no": 87.0,
        "candidate_name": "Ranjit Sharma",
        "contact": 9008403618
      }
    ],
    "Alinagar": [
      {
        "assembly_no": 81.0,
        "candidate_name": "Biplav Kumar Chaudhary",
        "contact": 9204237316
      }
    ],
    "Hayaghat": [
      {
        "assembly_no": 84.0,
        "candidate_name": "Pratibha Singh",
        "contact": 9892227992
      }
    ]
  },
  "East Champaran": {
    "Govindganj": [
      {
        "assembly_no": 14.0,
        "candidate_name": "Kamlesh Kant Giri",
        "contact": 7543942104
      }
    ],
    "Raxaul": [
      {
        "assembly_no": 10.0,
        "candidate_name": "Kapil Dev Prasad alias Bhuvan Patel",
        "contact": 9835071691
      }
    ],
    "Narkatia": [
      {
        "assembly_no": 12.0,
        "candidate_name": "Lal Babu Yadav",
        "contact": 9471025030
      }
    ],
    "Harsidhi (SC)": [
      {
        "assembly_no": 13.0,
        "candidate_name": "Awdhesh Ram",
        "contact": 8210265655
      }
    ],
    "Kesaria": [
      {
        "assembly_no": 15.0,
        "candidate_name": "Naaz Ahmad Khan alias Pappu Khan",
        "contact": 9430957111
      }
    ],
    "Kalyanpur": [
      {
        "assembly_no": 16.0,
        "candidate_name": "Dr. Mantosh Sahni",
        "contact": 8651165020
      }
    ],
    "Pipra": [
      {
        "assembly_no": 17.0,
        "candidate_name": "Subodh Yadav",
        "contact": 9835071691
      }
    ],
    "Dhaka": [
      {
        "assembly_no": 21.0,
        "candidate_name": "Dr Lal Babu Prasad",
        "contact": 9939664556
      }
    ],
    "Sugauli": [
      {
        "assembly_no": 11.0,
        "candidate_name": "Ajay Jha",
        "contact": 8586853737
      }
    ],
    "Madhuban": [
      {
        "assembly_no": 18.0,
        "candidate_name": "Vijay Kushwaha",
        "contact": 6201765048
      }
    ],
    "Motihari": [
      {
        "assembly_no": 19.0,
        "candidate_name": "Dr Atul",
        "contact": 8084128495
      }
    ],
    "Chiraia": [
      {
        "assembly_no": 20.0,
        "candidate_name": "Sanjay Singh",
        "contact": 9934021505
      }
    ]
  },
  "Gaya": {
    "Wazirganj": [
      {
        "assembly_no": 234.0,
        "candidate_name": "Santosh Kumar",
        "contact": 8102492562
      }
    ],
    "Tikari": [
      {
        "assembly_no": 231.0,
        "candidate_name": "Dr. Shashi Yadav",
        "contact": 9334110908
      }
    ],
    "Gaya Town": [
      {
        "assembly_no": 230.0,
        "candidate_name": "Dhirendra Agarwal",
        "contact": 8920658190
      }
    ],
    "Gurua": [
      {
        "assembly_no": 225.0,
        "candidate_name": "Sanjeev Shyaam Singh",
        "contact": "94312 23240"
      }
    ],
    "Sherghati": [
      {
        "assembly_no": 226.0,
        "candidate_name": "Pawan Kishor",
        "contact": 9771346839
      }
    ],
    "Atri": [
      {
        "assembly_no": 233.0,
        "candidate_name": "Shailendra",
        "contact": 9304219472
      }
    ],
    "Barachatti (SC)": [
      {
        "assembly_no": 228.0,
        "candidate_name": "Er. Hemant Paswan",
        "contact": "94307 65198"
      }
    ],
    "Imamganj (SC)": [
      {
        "assembly_no": 227.0,
        "candidate_name": "Dr Ajeet Kumar",
        "contact": 7050695169
      }
    ],
    "Bodh Gaya (SC)": [
      {
        "assembly_no": 229.0,
        "candidate_name": "Lakshman Manjhi",
        "contact": "98521 46218"
      }
    ],
    "Belaganj": [
      {
        "assembly_no": 232.0,
        "candidate_name": "Prof. Shabuddin",
        "contact": 9934480654
      }
    ]
  },
  "Gopalganj": {
    "Baikunthpur": [
      {
        "assembly_no": 99.0,
        "candidate_name": "Ajay Prasad",
        "contact": 9939836094
      }
    ],
    "Barauli": [
      {
        "assembly_no": 100.0,
        "candidate_name": "Faiz Ahmad",
        "contact": 9113717009
      }
    ],
    "Gopalganj": [
      {
        "assembly_no": 101.0,
        "candidate_name": "Dr Shashi Shekhar Sinha",
        "contact": 9431217010
      }
    ],
    "Bhorey (SC)": [
      {
        "assembly_no": 103.0,
        "candidate_name": "Priti Kinnar",
        "contact": 8292034645
      }
    ],
    "Hathua": [
      {
        "assembly_no": 104.0,
        "candidate_name": "Dr Sanjay Suman",
        "contact": 8969733398
      }
    ],
    "Kuchaikote": [
      {
        "assembly_no": 102.0,
        "candidate_name": "Vijay Chaubey",
        "contact": 9911344271
      }
    ]
  },
  "Jamui": {
    "Jhajha": [
      {
        "assembly_no": 242.0,
        "candidate_name": "Nilendu Datta Mishra",
        "contact": "9431369355/7992454756"
      }
    ],
    "Chakai": [
      {
        "assembly_no": 243.0,
        "candidate_name": "Rahul Kumar",
        "contact": 9934062824
      }
    ],
    "Sikandra (SC)": [
      {
        "assembly_no": 240.0,
        "candidate_name": "Subhash Paswan",
        "contact": 8340445787
      }
    ],
    "Jamui": [
      {
        "assembly_no": 241.0,
        "candidate_name": "Anil Sah",
        "contact": 9234317804
      }
    ]
  },
  "Jehandabad": {
    "Makhdumpur (SC)": [
      {
        "assembly_no": 218.0,
        "candidate_name": "Shankar Swaroop",
        "contact": 9931695890
      }
    ],
    "Jehanabad": [
      {
        "assembly_no": 216.0,
        "candidate_name": "Abhiram Singh",
        "contact": 9931427507
      }
    ],
    "Ghosi": [
      {
        "assembly_no": 217.0,
        "candidate_name": "Prabhat Kumar",
        "contact": 8809544944
      }
    ]
  },
  "Kaimur (Bhabhua)": {
    "Chainpur": [
      {
        "assembly_no": 206.0,
        "candidate_name": "Hemant Chaubey",
        "contact": 8317075205
      }
    ],
    "Mohania (SC)": [
      {
        "assembly_no": 204.0,
        "candidate_name": "Gita Devi",
        "contact": "79090 40971"
      }
    ],
    "Ramgarh": [
      {
        "assembly_no": 203.0,
        "candidate_name": "Anand Kumar Singh",
        "contact": 8789024702
      }
    ],
    "Bhabua": [
      {
        "assembly_no": 205.0,
        "candidate_name": "Jainendra Arya",
        "contact": 7903668483
      }
    ]
  },
  "Katihar": {
    "Kadwa": [
      {
        "assembly_no": 64.0,
        "candidate_name": "Md. Shahryar",
        "contact": 9939481075
      }
    ],
    "Katihar": [
      {
        "assembly_no": 63.0,
        "candidate_name": "Dr. Gazi Sharique",
        "contact": 9431251009
      }
    ],
    "Balrampur": [
      {
        "assembly_no": 65.0,
        "candidate_name": "Ashab Alam",
        "contact": 6200471300
      }
    ],
    "Pranpur": [
      {
        "assembly_no": 66.0,
        "candidate_name": "Kunal Nishad Alias Sonu Singh",
        "contact": 9006597309
      }
    ],
    "Manihari (ST)": [
      {
        "assembly_no": 67.0,
        "candidate_name": "Bablu Soren",
        "contact": 9955233968
      }
    ],
    "Korha (SC)": [
      {
        "assembly_no": 69.0,
        "candidate_name": "Nirmal Kumar Raj",
        "contact": 6202966017
      }
    ],
    "Barari": [
      {
        "assembly_no": 68.0,
        "candidate_name": "Sharib Ahmad Khan",
        "contact": 7982090364
      }
    ]
  },
  "Khagaria": {
    "Khagaria": [
      {
        "assembly_no": 149.0,
        "candidate_name": "Jayanti Patel",
        "contact": 9955988067
      }
    ],
    "Beldaur": [
      {
        "assembly_no": 150.0,
        "candidate_name": "Gajendar Kumar Singh (Nishad)",
        "contact": 8002518766
      }
    ],
    "Parbatta": [
      {
        "assembly_no": 151.0,
        "candidate_name": "Vinay Kumar Varun",
        "contact": 7683054646
      }
    ],
    "Alauli (SC)": [
      {
        "assembly_no": 148.0,
        "candidate_name": "Abhishank Kumar",
        "contact": 8252258606
      }
    ]
  },
  "Kishanganj": {
    "Thakurganj": [
      {
        "assembly_no": 53.0,
        "candidate_name": "Md Ekramul Haque",
        "contact": 9939917727
      }
    ],
    "Kochadhaman": [
      {
        "assembly_no": 55.0,
        "candidate_name": "Abu Affan Farooque",
        "contact": 7070318080
      }
    ],
    "Bahadurganj": [
      {
        "assembly_no": 52.0,
        "candidate_name": "Varun Singh",
        "contact": "70047 48139"
      }
    ]
  },
  "Lakhisarai": {
    "Suryagarha": [
      {
        "assembly_no": 167.0,
        "candidate_name": "Amit Sagar",
        "contact": 9006452900
      }
    ],
    "Lakhisarai": [
      {
        "assembly_no": 168.0,
        "candidate_name": "Suraj Kumar",
        "contact": 7522044909
      }
    ]
  },
  "Madhepura": {
    "Alamnagar": [
      {
        "assembly_no": 70.0,
        "candidate_name": "Subodh Kumar Suman",
        "contact": 9973859997
      }
    ],
    "Madhepura": [
      {
        "assembly_no": 73.0,
        "candidate_name": "Shashi Kumar Yadav",
        "contact": 9472804936
      }
    ],
    "Singheshwar (SC)": [
      {
        "assembly_no": 72.0,
        "candidate_name": "Pramod Kumar Ram",
        "contact": 8084398066
      }
    ],
    "Bihariganj": [
      {
        "assembly_no": 71.0,
        "candidate_name": "Amlesh Rai",
        "contact": 9006453384
      }
    ]
  },
  "Madhubani": {
    "Khajauli": [
      {
        "assembly_no": 33.0,
        "candidate_name": "Rupam Kumari",
        "contact": 8210891948
      }
    ],
    "Harlakhi": [
      {
        "assembly_no": 31.0,
        "candidate_name": "Ratneshwar Thakur",
        "contact": 9006402945
      }
    ],
    "Benipatti": [
      {
        "assembly_no": 32.0,
        "candidate_name": "Md Parvej Alam",
        "contact": 9631329886
      }
    ],
    "Rajnagar (SC)": [
      {
        "assembly_no": 37.0,
        "candidate_name": "Dr Surendra Kumar Das",
        "contact": 9931633111
      }
    ],
    "Jhanjharpur": [
      {
        "assembly_no": 38.0,
        "candidate_name": "Keshav Bhandari",
        "contact": 9199288996
      }
    ],
    "Laukaha": [
      {
        "assembly_no": 40.0,
        "candidate_name": "Renu Devi",
        "contact": 9931945332
      }
    ],
    "Phulparas": [
      {
        "assembly_no": 39.0,
        "candidate_name": "J K Mishra",
        "contact": 8750008485
      }
    ],
    "Madhubani": [
      {
        "assembly_no": 36.0,
        "candidate_name": "Anil Kumar Mishra",
        "contact": 7991178341
      }
    ],
    "Babubarhi": [
      {
        "assembly_no": 34.0,
        "candidate_name": "Alok Yadav s/o D P Yadav",
        "contact": 6201111585
      }
    ],
    "Bisfi": [
      {
        "assembly_no": 35.0,
        "candidate_name": "Dr Sanjay Mishra",
        "contact": 9113345634
      }
    ]
  },
  "Munger": {
    "Tarapur": [
      {
        "assembly_no": 164.0,
        "candidate_name": "Dr Santosh Singh",
        "contact": 9709703663
      }
    ],
    "Munger": [
      {
        "assembly_no": 165.0,
        "candidate_name": "Sanjay Singh",
        "contact": 9934843062
      }
    ],
    "Jamalpur": [
      {
        "assembly_no": 166.0,
        "candidate_name": "Lallan Ji Yadav",
        "contact": 9801039017
      }
    ]
  },
  "Muzaffarpur": {
    "Gaighat": [
      {
        "assembly_no": 88.0,
        "candidate_name": "Ashok Singh",
        "contact": 8178346542
      }
    ],
    "Minapur": [
      {
        "assembly_no": 90.0,
        "candidate_name": "Tej Narayan Sahni",
        "contact": 9470038173
      }
    ],
    "Muzaffarpur": [
      {
        "assembly_no": 94.0,
        "candidate_name": "Dr Amit Kumar Das",
        "contact": 7781025444
      }
    ],
    "Bochaha (SC)": [
      {
        "assembly_no": 91.0,
        "candidate_name": "Dr Umesh Rajak",
        "contact": "94306 36001"
      }
    ],
    "Baruraj": [
      {
        "assembly_no": 96.0,
        "candidate_name": "Heeralal Khadia",
        "contact": "88096 30850"
      }
    ],
    "Sakra (SC)": [
      {
        "assembly_no": 92.0,
        "candidate_name": "Renu Paswan",
        "contact": 8789680318
      }
    ],
    "Sahebganj": [
      {
        "assembly_no": 98.0,
        "candidate_name": "Thakur Hari Kishore Singh",
        "contact": 9431266413
      }
    ],
    "Kurhani": [
      {
        "assembly_no": 93.0,
        "candidate_name": "Afroz Alam",
        "contact": 9334130052
      }
    ],
    "Paroo": [
      {
        "assembly_no": 97.0,
        "candidate_name": "Ranjana Kumari",
        "contact": 9241512833
      }
    ],
    "Aurai": [
      {
        "assembly_no": 89.0,
        "candidate_name": "Radha Raman Alias Bablu Singh",
        "contact": 9525898953
      }
    ],
    "Kanti": [
      {
        "assembly_no": 95.0,
        "candidate_name": "Sudarshan Mishra",
        "contact": 9934286281
      }
    ]
  },
  "Nalanda": {
    "Harnaut": [
      {
        "assembly_no": 177.0,
        "candidate_name": "Kamlesh Paswan",
        "contact": 9931910262
      }
    ],
    "Islampur": [
      {
        "assembly_no": 174.0,
        "candidate_name": "Tanuja Kumari",
        "contact": 9431048940
      }
    ],
    "Asthawan": [
      {
        "assembly_no": 171.0,
        "candidate_name": "Lata Singh",
        "contact": 8766308288
      }
    ],
    "Biharsharif": [
      {
        "assembly_no": 172.0,
        "candidate_name": "Dinesh Kumar",
        "contact": 9431840647
      }
    ],
    "Nalanda": [
      {
        "assembly_no": 176.0,
        "candidate_name": "Kumari Poonam Sinha",
        "contact": 9431852762
      }
    ],
    "Hilsa": [
      {
        "assembly_no": 175.0,
        "candidate_name": "Umesh Verma",
        "contact": 9576898137
      }
    ],
    "Rajgir (SC)": [
      {
        "assembly_no": 173.0,
        "candidate_name": "Satendra Paswan",
        "contact": 9835478250
      }
    ]
  },
  "Nawada": {
    "Hisua": [
      {
        "assembly_no": 236.0,
        "candidate_name": "Suryadev Prasad",
        "contact": 8540094699
      }
    ],
    "Nawada": [
      {
        "assembly_no": 237.0,
        "candidate_name": "Dr. Anuj Singh",
        "contact": 9162006491
      }
    ],
    "Gobindpur": [
      {
        "assembly_no": 238.0,
        "candidate_name": "Poonam Kumari",
        "contact": 8130948817
      }
    ],
    "Rajauli (SC)": [
      {
        "assembly_no": 235.0,
        "candidate_name": "Naresh Chaudhary",
        "contact": 9661191816
      }
    ],
    "Warsaliganj": [
      {
        "assembly_no": 239.0,
        "candidate_name": "Umesh Prasad Yadav",
        "contact": 9631844561
      }
    ]
  },
  "Patna - Barh": {
    "Barh": [
      {
        "assembly_no": 179.0,
        "candidate_name": "Mahesh Prasad Singh",
        "contact": 7004198239
      }
    ],
    "Bakhtiarpur": [
      {
        "assembly_no": 180.0,
        "candidate_name": "Balmiki Singh",
        "contact": 7004615901
      }
    ],
    "Mokama": [
      {
        "assembly_no": 178.0,
        "candidate_name": "Priyardarshi Piyush",
        "contact": 9835442087
      }
    ]
  },
  "Patna - Gramin": {
    "Paliganj": [
      {
        "assembly_no": 190.0,
        "candidate_name": "Dr Shyamnandan Sharma",
        "contact": 9934056220
      }
    ],
    "Phulwari (SC)": [
      {
        "assembly_no": 188.0,
        "candidate_name": "Prof. Shashikant Prasad",
        "contact": 8051447838
      }
    ],
    "Masaurhi (SC)": [
      {
        "assembly_no": 189.0,
        "candidate_name": "Rajeshwar Manjhi",
        "contact": 8709651852
      }
    ],
    "Bikram": [
      {
        "assembly_no": 191.0,
        "candidate_name": "Mantu Sharma",
        "contact": 9934796666
      }
    ],
    "Fatuha": [
      {
        "assembly_no": 185.0,
        "candidate_name": "Raju Kumar alias Raju Mukhiya",
        "contact": 8789771414
      }
    ],
    "Maner": [
      {
        "assembly_no": 187.0,
        "candidate_name": "Gopal Singh",
        "contact": 8084694352
      }
    ]
  },
  "Patna- Mahanagar": {
    "Bankipur": [
      {
        "assembly_no": 182.0,
        "candidate_name": "Vandana Kumari",
        "contact": 6205919481
      }
    ],
    "Kumhrar": [
      {
        "assembly_no": 183.0,
        "candidate_name": "K C Sinha",
        "contact": 9304599902
      }
    ],
    "Patna Sahib": [
      {
        "assembly_no": 184.0,
        "candidate_name": "Vinita Mishra",
        "contact": 9334100327
      }
    ],
    "Digha": [
      {
        "assembly_no": 181.0,
        "candidate_name": "Ritesh Ranjan Alias Bittu Singh",
        "contact": 7759999920
      }
    ]
  },
  "Purnia": {
    "Kasba": [
      {
        "assembly_no": 58.0,
        "candidate_name": "Md. Ittefaque Alam alias Munna",
        "contact": 9801590908
      }
    ],
    "Rupauli": [
      {
        "assembly_no": 60.0,
        "candidate_name": "Amod Kumar",
        "contact": 9801785185
      }
    ],
    "Amour": [
      {
        "assembly_no": 56.0,
        "candidate_name": "Afroz Alam",
        "contact": 8292303550
      }
    ],
    "Baisi": [
      {
        "assembly_no": 57.0,
        "candidate_name": "Md Shahnawaz Alam",
        "contact": 9113700970
      }
    ],
    "Banmankhi (SC)": [
      {
        "assembly_no": 59.0,
        "candidate_name": "Manoj Kumar Rishi",
        "contact": 7764970943
      }
    ],
    "Dhamdaha": [
      {
        "assembly_no": 61.0,
        "candidate_name": "Rakesh Kumar alias Bunty Yadav",
        "contact": 9931933333
      }
    ],
    "Purnia": [
      {
        "assembly_no": 62.0,
        "candidate_name": "Santosh Kumar Singh",
        "contact": 9939791551
      }
    ]
  },
  "Rohtas": {
    "Sasaram": [
      {
        "assembly_no": 208.0,
        "candidate_name": "Binay Kumar Singh",
        "contact": "87575 56181"
      }
    ],
    "Dinara": [
      {
        "assembly_no": 210.0,
        "candidate_name": "Sanjay Kumar Jaiswal",
        "contact": 9123430398
      }
    ],
    "Karakat": [
      {
        "assembly_no": 213.0,
        "candidate_name": "Yogendra Singh",
        "contact": 8084472055
      }
    ],
    "Nokha": [
      {
        "assembly_no": 211.0,
        "candidate_name": "DSP-Nasrullah Khan",
        "contact": 9431364916
      }
    ],
    "Chenari (SC)": [
      {
        "assembly_no": 207.0,
        "candidate_name": "Neha Kumari (Natraz)",
        "contact": 9334000498
      }
    ],
    "Kargahar": [
      {
        "assembly_no": 209.0,
        "candidate_name": "Ritesh Ranjan (Pandey)",
        "contact": 8299359550
      }
    ],
    "Dehri": [
      {
        "assembly_no": 212.0,
        "candidate_name": "Pradeep Chandravanshi",
        "contact": 9225363666
      }
    ]
  },
  "Saharsa": {
    "Saharsa": [
      {
        "assembly_no": 75.0,
        "candidate_name": "Kishor Kumar",
        "contact": 8789189662
      }
    ],
    "Simri Bakhtiarpur": [
      {
        "assembly_no": 76.0,
        "candidate_name": "Surendra Kumar Yadav",
        "contact": 9431440687
      }
    ],
    "Mahishi": [
      {
        "assembly_no": 77.0,
        "candidate_name": "Shamim Akhtar",
        "contact": 9113142593
      }
    ],
    "Sonbarsha (SC)": [
      {
        "assembly_no": 74.0,
        "candidate_name": "Satyendra Kumar",
        "contact": 8521725728
      }
    ]
  },
  "Samastipur": {
    "Warisnagar": [
      {
        "assembly_no": 132.0,
        "candidate_name": "Satya Narayan Alias Pradeep Sahni",
        "contact": 9661113367
      }
    ],
    "Hasanpur": [
      {
        "assembly_no": 140.0,
        "candidate_name": "Indu Devi",
        "contact": 9215398572
      }
    ],
    "Ujiarpur": [
      {
        "assembly_no": 134.0,
        "candidate_name": "Durga Prasad Singh",
        "contact": 9431295984
      }
    ],
    "Rosera (SC)": [
      {
        "assembly_no": 139.0,
        "candidate_name": "Rohit Kumar",
        "contact": 9999764059
      }
    ],
    "Kalyanpur (SC)": [
      {
        "assembly_no": 131.0,
        "candidate_name": "Ram Balak Paswan",
        "contact": 9934263549
      }
    ],
    "Morwa": [
      {
        "assembly_no": 135.0,
        "candidate_name": "Jagriti",
        "contact": 8434713307
      }
    ],
    "Mohiuddinnagar": [
      {
        "assembly_no": 137.0,
        "candidate_name": "Raj Kapoor Singh",
        "contact": 9801845917
      }
    ],
    "Samastipur": [
      {
        "assembly_no": 133.0,
        "candidate_name": "Dr. Manoj Kumar Singh",
        "contact": 7004673500
      }
    ],
    "Sarairanjan": [
      {
        "assembly_no": 136.0,
        "candidate_name": "Sajan Kumar Mishra",
        "contact": 9955238981
      }
    ],
    "Bibhutipur": [
      {
        "assembly_no": 138.0,
        "candidate_name": "Bishwanath Choudhary alias Tufan Choudhary",
        "contact": 9934273373
      }
    ]
  },
  "Saran": {
    "Marhaura": [
      {
        "assembly_no": 117.0,
        "candidate_name": "Abhay Singh",
        "contact": "95707 56851"
      }
    ],
    "Manjhi": [
      {
        "assembly_no": 114.0,
        "candidate_name": "Yadu Vansh Giri",
        "contact": "878 906 6963"
      }
    ],
    "Baniapur": [
      {
        "assembly_no": 115.0,
        "candidate_name": "Shrawan Kumar Mahto",
        "contact": 9199113117
      }
    ],
    "Chapra": [
      {
        "assembly_no": 118.0,
        "candidate_name": "Jai Prakash Singh",
        "contact": 9582501000
      }
    ],
    "Garkha (SC)": [
      {
        "assembly_no": 119.0,
        "candidate_name": "Manohar Ram",
        "contact": 9931341636
      }
    ],
    "Parsa": [
      {
        "assembly_no": 121.0,
        "candidate_name": "Musaheb Mahato",
        "contact": 8651349141
      }
    ],
    "Sonepur": [
      {
        "assembly_no": 122.0,
        "candidate_name": "Chandan Lal Mehta",
        "contact": "99397 53853"
      }
    ],
    "Ekma": [
      {
        "assembly_no": 113.0,
        "candidate_name": "Dev Kumar Singh",
        "contact": "94314 06430"
      }
    ],
    "Amnour": [
      {
        "assembly_no": 120.0,
        "candidate_name": "Rahul Kumar Singh",
        "contact": 9973614063
      }
    ],
    "Taraiya": [
      {
        "assembly_no": 116.0,
        "candidate_name": "Satyendra Kumar Sahani",
        "contact": 7352043944
      }
    ]
  },
  "Sheikhpura": {
    "Sheikhpura": [
      {
        "assembly_no": 169.0,
        "candidate_name": "Rajesh Singh",
        "contact": 8434348298
      }
    ],
    "Barbigha": [
      {
        "assembly_no": 170.0,
        "candidate_name": "Captain Mukesh",
        "contact": 9689266064
      }
    ]
  },
  "Sheohar": {
    "Sheohar": [
      {
        "assembly_no": 22.0,
        "candidate_name": "Niraj Singh",
        "contact": 9431299456
      }
    ]
  },
  "Sitamarhi": {
    "Bathnaha (SC)": [
      {
        "assembly_no": 24.0,
        "candidate_name": "Dr Naval Kishore Chowdhary",
        "contact": "99559 12873"
      }
    ],
    "Parihar": [
      {
        "assembly_no": 25.0,
        "candidate_name": "Awdhesh Kushwaha",
        "contact": "95469 06671"
      }
    ],
    "Sursand": [
      {
        "assembly_no": 26.0,
        "candidate_name": "Usha Kiran",
        "contact": 8287522872
      }
    ],
    "Bajpatti": [
      {
        "assembly_no": 27.0,
        "candidate_name": "Azam Hussain Anwar",
        "contact": "94314 26133"
      }
    ],
    "Sitamarhi": [
      {
        "assembly_no": 28.0,
        "candidate_name": "Ziauddhin Khan",
        "contact": 9470824455
      }
    ],
    "Runnisaidpur": [
      {
        "assembly_no": 29.0,
        "candidate_name": "Vijay Kumar Sah",
        "contact": 9905268268
      }
    ],
    "Riga": [
      {
        "assembly_no": 23.0,
        "candidate_name": "Krishna Mohan",
        "contact": "89694 88466 / 97715 43678"
      }
    ],
    "Belsand": [
      {
        "assembly_no": 30.0,
        "candidate_name": "Arpana Singh",
        "contact": "73719 39642"
      }
    ]
  },
  "Siwan": {
    "Siwan": [
      {
        "assembly_no": 105.0,
        "candidate_name": "Intakhab Alam",
        "contact": 7004158007
      }
    ],
    "Darauli (SC)": [
      {
        "assembly_no": 107.0,
        "candidate_name": "Ganesh Ram",
        "contact": 8825208475
      }
    ],
    "Raghunathpur": [
      {
        "assembly_no": 108.0,
        "candidate_name": "Rahul Kirti Singh",
        "contact": 9334384596
      }
    ],
    "Daraundha": [
      {
        "assembly_no": 109.0,
        "candidate_name": "Satyendra Kumar Yadav",
        "contact": 9007098587
      }
    ],
    "Barharia": [
      {
        "assembly_no": 110.0,
        "candidate_name": "Dr. Shahnawaz",
        "contact": 8678045830
      }
    ],
    "Goriakothi": [
      {
        "assembly_no": 111.0,
        "candidate_name": "Ezaz Ahmed Siddique",
        "contact": 9801629609
      }
    ],
    "Maharajganj": [
      {
        "assembly_no": 112.0,
        "candidate_name": "Sunil Rai",
        "contact": 9199160591
      }
    ],
    "Ziradei": [
      {
        "assembly_no": 106.0,
        "candidate_name": "Munna Pandey",
        "contact": 9471009369
      }
    ]
  },
  "Supaul": {
    "Pipra": [
      {
        "assembly_no": 42.0,
        "candidate_name": "Indradev Sah",
        "contact": "90064 64486"
      }
    ],
    "Nirmali": [
      {
        "assembly_no": 41.0,
        "candidate_name": "Ram Pravesh Kumar Yadav",
        "contact": 8757940803
      }
    ],
    "Triveniganj (SC)": [
      {
        "assembly_no": 44.0,
        "candidate_name": "Pradeep Ram",
        "contact": 7903640651
      }
    ],
    "Chhatapur": [
      {
        "assembly_no": 45.0,
        "candidate_name": "Abhay Singh Munna",
        "contact": 9431669458
      }
    ],
    "Supaul": [
      {
        "assembly_no": 43.0,
        "candidate_name": "Anil Kumar Singh",
        "contact": 9430814056
      }
    ]
  },
  "Vaishali": {
    "Mahnar": [
      {
        "assembly_no": 129.0,
        "candidate_name": "Dr. Rajesh Kumar",
        "contact": 9973533294
      }
    ],
    "Raja Pakar (SC)": [
      {
        "assembly_no": 127.0,
        "candidate_name": "Mukesh Kumar",
        "contact": 9798627352
      }
    ],
    "Patepur (SC)": [
      {
        "assembly_no": 130.0,
        "candidate_name": "Dashai Chaudhary",
        "contact": 9431026312
      }
    ],
    "Mahua": [
      {
        "assembly_no": 126.0,
        "candidate_name": "Indrajit Pradhan",
        "contact": 9801610249
      }
    ],
    "Hajipur": [
      {
        "assembly_no": 123.0,
        "candidate_name": "Pratibha Sinha",
        "contact": "97114 01792"
      }
    ],
    "Vaishali": [
      {
        "assembly_no": 125.0,
        "candidate_name": "Dr. Sunil Kumar",
        "contact": "99557 71372"
      }
    ],
    "Lalganj": [
      {
        "assembly_no": 124.0,
        "candidate_name": "Amar Kumar Singh (Amar Sir)",
        "contact": 9905205933
      }
    ],
    "Raghopur": [
      {
        "assembly_no": 128.0,
        "candidate_name": "Chanchal Kumar",
        "contact": 8809087215
      }
    ]
  },
  "West Champaran": {
    "Valmiki Nagar": [
      {
        "assembly_no": 1.0,
        "candidate_name": "Drig Narain Prasad",
        "contact": 9934492261
      }
    ],
    "Lauriya": [
      {
        "assembly_no": 5.0,
        "candidate_name": "Sunil Kumar",
        "contact": 9472432326
      }
    ],
    "Nautan": [
      {
        "assembly_no": 6.0,
        "candidate_name": "Santosh Chaudhary",
        "contact": 9973188816
      }
    ],
    "Ramnagar (SC)": [
      {
        "assembly_no": 2.0,
        "candidate_name": "Pappu Ranjan Ram",
        "contact": 7352708507
      }
    ],
    "Narkatiaganj": [
      {
        "assembly_no": 3.0,
        "candidate_name": "Dr. Wasiullah",
        "contact": 7903215027
      }
    ],
    "Bagaha": [
      {
        "assembly_no": 4.0,
        "candidate_name": "Nandesh Pandey",
        "contact": 7004133215
      }
    ],
    "Bettiah": [
      {
        "assembly_no": 8.0,
        "candidate_name": "Anil Singh",
        "contact": 8210741607
      }
    ],
    "Sikta": [
      {
        "assembly_no": 9.0,
        "candidate_name": "Utkarsh Srivastava",
        "contact": 9430075551
      }
    ],
    "Chanpatia": [
      {
        "assembly_no": 7.0,
        "candidate_name": "Manish Kashyap",
        "contact": 9090949429
      }
    ]
  }
}