[
  {
    "id": 1,
    "text": "आपके क्षेत्र में वर्तमान में सबसे मज़बूत राजनीतिक दल/संगठन कौन सा है?",
    "options": ["जन सुराज (Jan Suraaj)", "जनता दल (यूनाइटेड) - JDU", "भारतीय राष्ट्रीय कांग्रेस - INC", " राष्ट्रीय जनता दल - RJD", "भारतीय जनता पार्टी - BJP", "लोक जनशक्ति पार्टी (रामविलास गुट)", "अन्य (Others)", "कह नहीं सकते (Cannot Say)"]
  },
  {
    "id": 2,
    "text": "आगामी विधानसभा चुनाव में जन सुराज का प्रत्याशी आपके क्षेत्र में कितने वोट प्राप्त कर सकता है?",
    "options": ["0 - 15000", "15 - 30000", "30 - 60000", "60 000 +"]
  }
]
