[
  {
    "id": 1,
    "text": "आपके विधानसभा क्षेत्र से प्रशांत किशोर जी की पदयात्रा गुज़री थी या नहीं? और आपके क्षेत्र की जनता पर इस पदयात्रा का कितना प्रभाव पड़ा?"
  },
  {
    "id": 2,
    "text": "आपके विधानसभा क्षेत्र में जन सुराज की कोई 'बिहार बदलाव सभा' आयोजित हुई थी या नहीं? और आपके क्षेत्र की जनता पर इस सभा का कितना प्रभाव पड़ा?"
  },
  {
    "id": 3,
    "text": "आपके विधानसभा क्षेत्र में जन सुराज का ज़मीनी संगठन कितना मज़बूत है?"
  },
  {
    "id": 4,
    "text": "जन सुराज की विचारधारा और प्रशांत किशोर के प्रयासों का आपके क्षेत्र में कुल कितना प्रभाव है?"
  },
  {
    "id": 5,
    "text": " जन सुराज के '5 कार्यों के वादों' वाले गारंटी कार्ड (परिवार लाभ कार्ड) का आपके क्षेत्र में कितना प्रभाव है?"
  },
   {
    "id": 6,
    "text": "जन सुराज के चुनाव चिह्न 'स्कूल का बस्ता' और नारे ('ग़रीबी से निकलने का रास्ता, हर घर स्कूल का बस्ता') की जागरूकता आपके क्षेत्र में कितनी है?"
  },
  {
    "id": 7,
    "text": "विधानसभा चुनाव में जन सुराज पार्टी द्वारा उतारे गए जन सुराज के प्रत्याशी से कितने संतुष्ट हैं?"
  }
]
